speciesId	genus	species	speciesCommonName	displayOrder	genomeFilePath	genomeVersion	dataSourceId	genomeSpeciesId	fakeGeneIdPrefix	keywords	comment
9606	homo	sapiens	human	1	homo_sapiens/Homo_sapiens.GRCh38	GRCh38	2	9606	NA	homsap|enshs|h_sapiens|hsapiens|9606|human|hsap|homo|homo sapiens	
10090	mus	musculus	mouse	2	mus_musculus/Mus_musculus.GRCm39	GRCm39	2	10090	NA	mmus|musmus|ensmm|mus musculus|m_musculus|house mouse|mmusculus|mus|mouse|10090	
7955	danio	rerio	zebrafish	3	danio_rerio/Danio_rerio.GRCz11	GRCz11	2	7955	NA	zfish|zebrafish|danrer|danio|d_rerio|drer|drerio|danio rerio|7955	
7227	drosophila	melanogaster	Fruit fly	4	drosophila_melanogaster/Drosophila_melanogaster.BDGP6.46	BDGP6.46	2	7227	NA	dmel|d. melanogaster|d.mel	
6239	caenorhabditis	elegans	C.elegans	5	caenorhabditis_elegans/Caenorhabditis_elegans.WBcel235	WBcel235	2	6239	NA	c.elegans|caenorhabditis_elegans_prjna13758|caeele|cele|elegans|celegans	
106734	chelonoidis	abingdonii	Abingdon island giant tortoise	6	chelonoidis_abingdonii/Chelonoidis_abingdonii.ASM359739v1	ASM359739v1	2	106734	NA		
8355	Xenopus	laevis	African clawed frog	7	xenopus_laevis/xenopus_laevis_GCF_001663975.1_Xenopus_laevis_v2	xenLae2	37	8355	NA	Bufo laevis|XENLA|Xenopus leavis|clawed frog|common platanna|platanna	Use RefSeq assembly BUT several GeneID are duplicated
60711	chlorocebus	sabaeus	African green monkey	8	chlorocebus_sabaeus/Chlorocebus_sabaeus.ChlSab1.1	ChlSab1.1	2	60711	NA	vervet-agm|chlorocebus sabaeus|chlsab|agm|60711|csabaeus|vervet monkey|african green monkey|csab|chlorocebus sabeus|chlorocebus_sabeus	
7165	anopheles	gambiae	African malaria mosquito	9	anopheles_gambiae/Anopheles_gambiae.AgamP4	AgamP4	24	7165	NA	agam|a. gambiae|a.gam	
62324	anopheles	funestus	African malaria mosquito	10	anopheles_funestus/Anopheles_funestus.AfunF3	AfunF3	24	62324	NA		
441894	struthio	camelus australis	African ostrich	11	struthio_camelus_australis/Struthio_camelus_australis.ASM69896v1	ASM69896v1	2	441894	NA		
9785	loxodonta	africana	African savanna elephant	12	loxodonta_africana/Loxodonta_africana.loxAfr3	loxAfr3	2	9785	NA	elephant|lafricana|9785|african savanna elephant|loxodonta africana|loxafr|african_elephant|lafr	
407821	stegodyphus	mimosarum	African social velvet spider	13	stegodyphus_mimosarum/Stegodyphus_mimosarum.Stegodyphus_mimosarum_v1	Stegodyphus_mimosarum_v1	24	407821	NA		
38772	gopherus	agassizii	Agassiz's desert tortoise	14	gopherus_agassizii/Gopherus_agassizii.ASM289641v1	ASM289641v1	2	38772	NA		
10096	mus	spretus	algerian mouse	15	mus_spretus/Mus_spretus.SPRET_EiJ_v1	SPRET_EiJ_v1	2	10096	NA	western mediterranean mouse|mspretus|spreteij|mus_spretus_spret_eij	
30538	vicugna	pacos	alpaca	16	vicugna_pacos/Vicugna_pacos.vicPac1	vicPac1	2	30538	NA	30538|vpacos|alpaca|vicugna pacos|vicugnapacos|vicpac|vpac	
9994	marmota	marmota marmota	Alpine marmot	17	marmota_marmota_marmota/Marmota_marmota_marmota.marMar2.1	marMar2.1	2	9994	NA		
48698	poecilia	formosa	Amazon molly	18	poecilia_formosa/Poecilia_formosa.PoeFor_5.1.2	PoeFor_5.1.2	2	48698	NA	pformosa|poefor|pfor|amazon molly|48698|poecilia formosa	
51338	castor	canadensis	American beaver	19	castor_canadensis/Castor_canadensis.C.can_genome_v1.0	C.can_genome_v1.0	2	51338	NA		
43346	bison	bison bison	American bison	20	bison_bison_bison/Bison_bison_bison.Bison_UMD1.0	Bison_UMD1.0	2	43346	NA		
9643	ursus	americanus	American black bear	21	ursus_americanus/Ursus_americanus.ASM334442v1	ASM334442v1	2	9643	NA		
43151	anopheles	darlingi	American malaria mosquito	22	anopheles_darlingi/Anopheles_darlingi.AdarC3	AdarC3	24	43151	NA		
452646	neovison	vison	American mink	23	neovison_vison/Neovison_vison.NNQGG.v01	NNQGG.v01	2	452646	NA		
9978	ochotona	princeps	American pika	24	ochotona_princeps/Ochotona_princeps.OchPri2.0-Ens	OchPri2.0-Ens	2	9978	NA	pika|oprinceps|ochotona princeps|ochpri|american pika|opri|9978	
7740	branchiostoma	lanceolatum	Amphioxus	25	branchiostoma_lanceolatum/Branchiostoma_lanceolatum.BraLan2	BraLan2	24	7740	NA		
336983	colobus	angolensis palliatus	Angola colobus	26	colobus_angolensis_palliatus/Colobus_angolensis_palliatus.Cang.pa_1.0	Cang.pa_1.0	2	336983	NA		
315563	belgica	antarctica	Antarctic midge	27	belgica_antarctica/Belgica_antarctica.ASM77530v1	ASM77530v1	24	315563	NA		
9838	camelus	dromedarius	Arabian camel	28	camelus_dromedarius/Camelus_dromedarius.CamDro2	CamDro2	2	9838	NA		
9999	urocitellus	parryii	Arctic ground squirrel	29	urocitellus_parryii/Urocitellus_parryii.ASM342692v1	ASM342692v1	2	9999	NA		
96440	salvator	merianae	Argentine black and white tegu	30	salvator_merianae/Salvator_merianae.HLtupMer3	HLtupMer3	2	96440	NA		
113540	scleropages	formosus	Asian bonytongue	31	scleropages_formosus/Scleropages_formosus.fSclFor1.1	fSclFor1.1	2	113540	NA		
217634	anoplophora	glabripennis	Asian long-horned beetle	32	anoplophora_glabripennis/Anoplophora_glabripennis.Agla_2.0	Agla_2.0	24	217634	NA		
30069	anopheles	stephensi	Asian malaria mosquito	33	anopheles_stephensi/Anopheles_stephensi.AsteS1	AsteS1	24	30069	NA		
7160	aedes	albopictus	Asian tiger mosquito	34	aedes_albopictus/Aedes_albopictus.AaloF1	AaloF1	24	7160	NA		
441215	ursus	thibetanus thibetanus	Asiatic black bear	35	ursus_thibetanus_thibetanus/Ursus_thibetanus_thibetanus.ASM966005v1	ASM966005v1	2	441215	NA		
9793	equus	asinus	ass	36	equus_asinus/Equus_asinus.ASM1607732v2	ASM1607732v2	2	9793	NA		
8049	gadus	morhua	Atlantic cod	37	gadus_morhua/Gadus_morhua.gadMor3.0	gadMor3.0	2	8049	NA		
7950	clupea	harengus	Atlantic herring	38	clupea_harengus/Clupea_harengus.Ch_v2.0.2v2	Ch_v2.0.2v2	2	7950	NA		
8030	salmo	salar	Atlantic salmon	39	salmo_salar/Salmo_salar.Ssal_v3.1	Ssal_v3.1	2	8030	NA		
8502	crocodylus	porosus	Australian saltwater crocodile	40	crocodylus_porosus/Crocodylus_porosus.CroPor_comp1	CroPor_comp1	2	8502	NA		
7375	lucilia	cuprina	Australian sheep blowfly	41	lucilia_cuprina/Lucilia_cuprina.ASM118794v1	ASM118794v1	24	7375	NA		
559292	saccharomyces	cerevisiae	baker's yeast	42	saccharomyces_cerevisiae/Saccharomyces_cerevisiae.R64-1-1	R64-1-1	2	559292	NA	saccharomyces cerevisiae|saccharomyces cerevisiae s288c|saccharomyces cerevisiae (baker's yeast)|s_cerevisiae	
56723	labrus	bergylta	ballan wrasse	43	labrus_bergylta/Labrus_bergylta.BallGen_V1	BallGen_V1	2	56723	NA		
8187	lates	calcarifer	barramundi perch	44	lates_calcarifer/Lates_calcarifer.ASB_HGAPassembly_v1	ASB_HGAPassembly_v1	2	8187	NA		
79782	cimex	lectularius	Bed bug	45	cimex_lectularius/Cimex_lectularius.Clec_2.0	Clec_2.0	24	79782	NA		
9749	delphinapterus	leucas	beluga whale	46	delphinapterus_leucas/Delphinapterus_leucas.ASM228892v3	ASM228892v3	2	9749	NA		
299123	lonchura	striata domestica	Bengalese finch	47	lonchura_striata_domestica/Lonchura_striata_domestica.LonStrDom1	LonStrDom1	2	299123	NA		
144197	stegastes	partitus	bicolor damselfish	48	stegastes_partitus/Stegastes_partitus.Stegastes_partitus-1.0.2	Stegastes_partitus-1.0.2	2	144197	NA		
179676	culicoides	sonorensis	Biting midge	49	culicoides_sonorensis/Culicoides_sonorensis.Cson1	Cson1	24	179676	NA		
61621	rhinopithecus	bieti	Black snub-nosed monkey	50	rhinopithecus_bieti/Rhinopithecus_bieti.ASM169854v1	ASM169854v1	2	61621	NA		
6945	ixodes	scapularis	Black-legged tick	51	ixodes_scapularis/Ixodes_scapularis.IscaW1	IscaW1	24	6945	NA		
1608454	sinocyclocheilus	anshuiensis	blind barbel	52	sinocyclocheilus_anshuiensis/Sinocyclocheilus_anshuiensis.SAMN03320099.WGS_v1.1	SAMN03320099.WGS_v1.1	2	1608454	NA		
6526	biomphalaria	glabrata	Bloodfluke planorb	53	biomphalaria_glabrata/Biomphalaria_glabrata.BglaB1	BglaB1	24	6526	NA		
47969	oreochromis	aureus	blue tilapia	54	oreochromis_aureus/Oreochromis_aureus.ZZ_aureus	ZZ_aureus	2	47969	NA		
156563	cyanistes	caeruleus	blue tit	55	cyanistes_caeruleus/Cyanistes_caeruleus.cyaCae2	cyaCae2	2	156563	NA		
9771	balaenoptera	musculus	Blue whale	56	balaenoptera_musculus/Balaenoptera_musculus.mBalMus1.v2	mBalMus1.v2	2	9771	NA		
321398	lepidothrix	coronata	blue-crowned manakin	57	lepidothrix_coronata/Lepidothrix_coronata.Lepidothrix_coronata-1.0	Lepidothrix_coronata-1.0	2	321398	NA		
8630	laticauda	laticaudata	blue-ringed sea krait	58	laticauda_laticaudata/Laticauda_laticaudata.latLat_1.0	latLat_1.0	2	8630	NA		
441366	gouania	willdenowi	blunt-snouted clingfish	59	gouania_willdenowi/Gouania_willdenowi.fGouWil2.1	fGouWil2.1	2	441366	NA		
39432	saimiri	boliviensis boliviensis	Bolivian squirrel monkey	60	saimiri_boliviensis_boliviensis/Saimiri_boliviensis_boliviensis.SaiBol1.0	SaiBol1.0	2	39432	NA		
9597	pan	paniscus	bonobo	61	pan_paniscus/Pan_paniscus.panpan1.1	panpan1.1	2	9597	NA		
9739	tursiops	truncatus	bottlenosed dolphin	62	tursiops_truncatus/Tursiops_truncatus.turTru1	turTru1	2	9739	NA	dolphin|ttru|9739|turtru|bottlenosed dolphin|ttruncatus|tursiops truncatus|bottlenose dolphin|tursiopstruncatus	
37548	cavia	aperea	Brazilian guinea pig	63	cavia_aperea/Cavia_aperea.CavAp1.0	CavAp1.0	2	37548	NA	cavape|cape|brazilian guinea pig|cavia aperea|37548|caperea	
283909	capitella	teleta	Bristle worm	64	capitella_teleta/Capitella_teleta.Capitella_teleta_v1.0	Capitella_teleta_v1.0	24	283909	NA		
8032	salmo	trutta	brown trout	65	salmo_trutta/Salmo_trutta.fSalTru1.1	fSalTru1.1	2	8032	NA		
13146	melopsittacus	undulatus	budgerigar	66	melopsittacus_undulatus/Melopsittacus_undulatus.bMelUnd1.mat.Z	bMelUnd1.mat.Z	2	13146	NA		
30195	bombus	terrestris	Buff-tailed bumblebee	67	bombus_terrestris/Bombus_terrestris.Bter_1.0	Bter_1.0	24	30195	NA		
194338	athene	cunicularia	burrowing owl	68	athene_cunicularia/Athene_cunicularia.athCun1	athCun1	2	194338	NA		
8153	haplochromis	burtoni	Burton's mouthbrooder	69	haplochromis_burtoni/Haplochromis_burtoni.AstBur1.0	AstBur1.0	2	8153	NA		
9704	zalophus	californianus	california sea lion	70	zalophus_californianus/Zalophus_californianus.mZalCal1.pri	mZalCal1.pri	2	9704	NA		
61383	lynx	canadensis	Canada lynx	71	lynx_canadensis/Lynx_canadensis.mLynCan4_v1.p	mLynCan4_v1.p	2	61383	NA		
9813	procavia	capensis	cape rock hyrax	72	procavia_capensis/Procavia_capensis.proCap1	proCap1	2	9813	NA	9813|cape rock hyrax|procap|procaviacapensis|pcap|rock_hyrax|pcapensis|hyrax|procavia capensis	
9913	bos	taurus	cattle	73	bos_taurus/Bos_taurus.ARS-UCD1.3	ARS-UCD1.3	2	9913	NA	9913|domestic cow|cattle|btaurus|bos taurus|domestic cattle|bos.tau|btau|bovine|cow	
103695	pogona	vitticeps	central bearded dragon	74	pogona_vitticeps/Pogona_vitticeps.pvi1.1	pvi1.1	2	103695	NA		
51154	catagonus	wagneri	Chacoan peccary	75	catagonus_wagneri/Catagonus_wagneri.CatWag_v2_BIUU_UCD	CatWag_v2_BIUU_UCD	2	51154	NA		
56716	cottoperca	gobio	channel bull blenny	76	cottoperca_gobio/Cottoperca_gobio.fCotGob3.1	fCotGob3.1	2	56716	NA		
7998	ictalurus	punctatus	channel catfish	77	ictalurus_punctatus/Ictalurus_punctatus.ASM400665v3	ASM400665v3	2	7998	NA		
9031	gallus	gallus	chicken	78	gallus_gallus/Gallus_gallus.bGalGal1.mat.broiler.GRCg7b	bGalGal1.mat.broiler.GRCg7b	2	9031	NA	galgal|g_gallus|ggallus|chicken|9031|gallus gallus|ggal	
30464	nothoprocta	perdicaria	Chilean tinamou	79	nothoprocta_perdicaria/Nothoprocta_perdicaria.notPer1	notPer1	2	30464	NA		
9598	pan	troglodytes	chimpanzee	80	pan_troglodytes/Pan_troglodytes.Pan_tro_3.0	Pan_tro_3.0	2	9598	NA	chimp|pantro|ptro|9598|common chimpanzee|ptroglodytes|chimpanzee|pan troglodytes	
183150	oryzias	sinensis	Chinese medaka	81	oryzias_sinensis/Oryzias_sinensis.ASM858656v1	ASM858656v1	2	183150	NA		
13735	pelodiscus	sinensis	Chinese softshell turtle	82	pelodiscus_sinensis/Pelodiscus_sinensis.PelSin_1.0	PelSin_1.0	2	13735	NA	psinensis|pelodiscus sinensis|13735|chinese softshell turtle|p_sinensis|chinese soft shell turtle|softshell turtle	
74940	oncorhynchus	tshawytscha	Chinook salmon	83	oncorhynchus_tshawytscha/Oncorhynchus_tshawytscha.Otsh_v2.0	Otsh_v2.0	2	74940	NA		
64144	anabas	testudineus	climbing perch	84	anabas_testudineus/Anabas_testudineus.fAnaTes1.3	fAnaTes1.3	2	64144	NA		
80972	amphiprion	ocellaris	clown anemonefish	85	amphiprion_ocellaris/Amphiprion_ocellaris.ASM2253959v1	ASM2253959v1	2	80972	NA		
7897	latimeria	chalumnae	coelacanth	86	latimeria_chalumnae/Latimeria_chalumnae.LatCha1	LatCha1	2	7897	NA	latcha|coelacanth|lcha|living fossil|7897|lamineria|lchalumnae|latimeria chalumnae	
36166	megaselia	scalaris	Coffin fly	87	megaselia_scalaris/Megaselia_scalaris.Msca1	Msca1	24	36166	NA		
8019	oncorhynchus	kisutch	coho salmon	88	oncorhynchus_kisutch/Oncorhynchus_kisutch.Okis_V2	Okis_V2	2	8019	NA		
59894	ficedula	albicollis	Collared flycatcher	89	ficedula_albicollis/Ficedula_albicollis.FicAlb1.5	FicAlb1.5	2	59894	NA		
9135	serinus	canaria	common canary	90	serinus_canaria/Serinus_canaria.SCA1	SCA1	2	9135	NA		
630221	cyprinus	carpio carpio	common carp	91	cyprinus_carpio_carpio/Cyprinus_carpio_carpio.Cypcar_WagV4.0	Cypcar_WagV4.0	2	630221	NA		
132113	bombus	impatiens	Common eastern bumblebee	92	bombus_impatiens/Bombus_impatiens.BIMP_2.2	BIMP_2.2	24	132113	NA		
100819	falco	tinnunculus	common kestrel	93	falco_tinnunculus/Falco_tinnunculus.FalTin1.0	FalTin1.0	2	100819	NA		
8840	anas	platyrhynchos platyrhynchos	common mallard	94	anas_platyrhynchos_platyrhynchos/Anas_platyrhynchos_platyrhynchos.CAU_duck1.0	CAU_duck1.0	2	8840	NA		
8475	chelydra	serpentina	Common snapping turtle	95	chelydra_serpentina/Chelydra_serpentina.Chelydra_serpentina-1.0	Chelydra_serpentina-1.0	2	8475	NA		
64176	podarcis	muralis	common wall lizard	96	podarcis_muralis/Podarcis_muralis.PodMur_1.0	PodMur_1.0	2	64176	NA		
29139	vombatus	ursinus	common wombat	97	vombatus_ursinus/Vombatus_ursinus.bare-nosed_wombat_genome_assembly	bare-nosed_wombat_genome_assembly	2	29139	NA		
379532	propithecus	coquereli	Coquerel's sifaka	98	propithecus_coquereli/Propithecus_coquereli.Pcoq_1.0	Pcoq_1.0	2	379532	NA		
9541	macaca	fascicularis	Crab-eating macaque	99	macaca_fascicularis/Macaca_fascicularis.Macaca_fascicularis_6.0	Macaca_fascicularis_6.0	2	9541	NA		
885580	fukomys	damarensis	Damara mole rat	100	fukomys_damarensis/Fukomys_damarensis.DMR_v1.0	DMR_v1.0	2	885580	NA	885580|fukomys damarensi|damara mole rat|fdamarensi|fukdam|fdam|fukomys_damarensi	
40217	junco	hyemalis	dark-eyed junco	101	junco_hyemalis/Junco_hyemalis.ASM382977v1	ASM382977v1	2	40217	NA		
99837	spermophilus	dauricus	Daurian ground squirrel	102	spermophilus_dauricus/Spermophilus_dauricus.ASM240643v1	ASM240643v1	2	99837	NA		
10160	octodon	degus	Degu	103	octodon_degus/Octodon_degus.OctDeg1.0	OctDeg1.0	2	10160	NA	octodon degus|odegus|10160|octdeg|degu|odeg	
299321	denticeps	clupeoides	denticle herring	104	denticeps_clupeoides/Denticeps_clupeoides.fDenClu1.2	fDenClu1.2	2	299321	NA		
286419	canis	lupus dingo	dingo	105	canis_lupus_dingo/Canis_lupus_dingo.ASM325472v1	ASM325472v1	2	286419	NA		
9615	canis	lupus familiaris	dog	106	canis_lupus_familiaris/Canis_lupus_familiaris.ROS_Cfam_1.0	ROS_Cfam_1.0	2	9615	NA	canis familiaris|canis lupus familiaris|dog	
9685	felis	catus	domestic cat	107	felis_catus/Felis_catus.Felis_catus_9.0	Felis_catus_9.0	2	9685	NA	cat|fcat|fcatus|9685|felis catus|domestic cat|felcat	
9669	mustela	putorius furo	Domestic ferret	108	mustela_putorius_furo/Mustela_putorius_furo.MusPutFur1.0	MusPutFur1.0	2	9669	NA	mustela putorius furo|ferret|9669|mputorius_furo|musput|domestic ferret|mput	
10141	cavia	porcellus	domestic guinea pig	109	cavia_porcellus/Cavia_porcellus.Cavpor3.0	Cavpor3.0	2	10141	NA	domestic guinea pig|cpor|cporcellus|10141|cavia porcellus|cavpor|guinea pig|guinea_pig	
7091	bombyx	mori	Domestic silkworm	110	bombyx_mori/Bombyx_mori.Bmori_2016v1.0	Bmori_2016v1.0	24	7091	NA		
30521	bos	grunniens	domestic yak	111	bos_grunniens/Bos_grunniens.LU_Bosgru_v3.0	LU_Bosgru_v3.0	2	30521	NA		
9568	mandrillus	leucophaeus	Drill	112	mandrillus_leucophaeus/Mandrillus_leucophaeus.Mleu.le_1.0	Mleu.le_1.0	2	9568	NA		
8673	pseudonaja	textilis	eastern brown snake	113	pseudonaja_textilis/Pseudonaja_textilis.EBS10Xv2-PRI	EBS10Xv2-PRI	2	8673	NA		
224669	buteo	japonicus	eastern buzzard	114	buteo_japonicus/Buteo_japonicus.ButJap1.0	ButJap1.0	2	224669	NA		
8154	astatotilapia	calliptera	eastern happy	115	astatotilapia_calliptera/Astatotilapia_calliptera.fAstCal1.3	fAstCal1.3	2	8154	NA		
75864	anas	zonorhyncha	Eastern spot-billed duck	116	anas_zonorhyncha/Anas_zonorhyncha.ASM222487v1	ASM222487v1	2	75864	NA		
8005	electrophorus	electricus	electric eel	117	electrophorus_electricus/Electrophorus_electricus.fEleEle1.pri	fEleEle1.pri	2	8005	NA		
7868	callorhinchus	milii	elephant shark	118	callorhinchus_milii/Callorhinchus_milii.Callorhinchus_milii-6.1.3	Callorhinchus_milii-6.1.3	2	7868	NA		
8790	dromaius	novaehollandiae	emu	119	dromaius_novaehollandiae/Dromaius_novaehollandiae.droNov1	droNov1	2	8790	NA		
30461	bubo	bubo	Eurasian eagle-owl	120	bubo_bubo/Bubo_bubo.BubBub1.0	BubBub1.0	2	30461	NA		
55149	sciurus	vulgaris	Eurasian red squirrel	121	sciurus_vulgaris/Sciurus_vulgaris.mSciVul1.1	mSciVul1.1	2	55149	NA		
211598	accipiter	nisus	Eurasian sparrowhawk	122	accipiter_nisus/Accipiter_nisus.Accipiter_nisus_ver1.0	Accipiter_nisus_ver1.0	2	211598	NA		
7936	Anguilla	anguilla	European freshwater eel	123	anguilla_anguilla/anguilla_anguilla_GCF_013347855.1_fAngAng1.pri	fAngAng1.pri	37	7936	NA	ANGAN|Angill angill|Anguilla anguilla anguilla|European eel|Muraena anguilla	Use RefSeq assembly
13489	dicentrarchus	labrax	European seabass	124	dicentrarchus_labrax/Dicentrarchus_labrax.dlabrax2021	dlabrax2021	2	13489	NA		
42254	sorex	araneus	European shrew	125	sorex_araneus/Sorex_araneus.COMMON_SHREW1	COMMON_SHREW1	2	42254	NA	sorex araneus|shrew|sorara|european_shrew|european shrew|42254|sara|ground_shrew|saraneus	
7209	loa	loa	Eye worm	126	loa_loa/Loa_loa.Loa_loa_V3	Loa_loa_V3	24	7209	NA		
6183	schistosoma	mansoni	Flatworm	127	schistosoma_mansoni/Schistosoma_mansoni.Smansoni_v7	Smansoni_v7	24	6183	NA		
6412	helobdella	robusta	Freshwater leech	128	helobdella_robusta/Helobdella_robusta.Helro1	Helro1	24	6412	NA		
7217	drosophila	ananassae	Fruit fly	129	drosophila_ananassae/Drosophila_ananassae.dana_caf1	dana_caf1	24	7217	NA		
7244	drosophila	virilis	Fruit fly	130	drosophila_virilis/Drosophila_virilis.dvir_caf1	dvir_caf1	24	7244	NA		
7230	drosophila	mojavensis	Fruit fly	131	drosophila_mojavensis/Drosophila_mojavensis.dmoj_caf1	dmoj_caf1	24	7230	NA		
7238	drosophila	sechellia	Fruit fly	132	drosophila_sechellia/Drosophila_sechellia.dsec_caf1	dsec_caf1	24	7238	NA		
7234	drosophila	persimilis	Fruit fly	133	drosophila_persimilis/Drosophila_persimilis.dper_caf1	dper_caf1	24	7234	NA		
46245	drosophila	pseudoobscura	Fruit fly	134	drosophila_pseudoobscura/Drosophila_pseudoobscura.Dpse_3.0	Dpse_3.0	24	46245	NA		
7260	drosophila	willistoni	Fruit fly	135	drosophila_willistoni/Drosophila_willistoni.dwil_caf1	dwil_caf1	24	7260	NA		
7222	drosophila	grimshawi	Fruit fly	136	drosophila_grimshawi/Drosophila_grimshawi.dgri_caf1	dgri_caf1	24	7222	NA		
7220	drosophila	erecta	Fruit fly	137	drosophila_erecta/Drosophila_erecta.dere_caf1	dere_caf1	24	7220	NA		
7240	drosophila	simulans	Fruit fly	138	drosophila_simulans/Drosophila_simulans.ASM75419v3	ASM75419v3	24	7240	NA		
31033	takifugu	rubripes	fugu	139	takifugu_rubripes/Takifugu_rubripes.fTakRub1.2	fTakRub1.2	2	31033	NA		
9565	theropithecus	gelada	gelada	140	theropithecus_gelada/Theropithecus_gelada.Tgel_1.0	Tgel_1.0	2	9565	NA		
9646	ailuropoda	melanoleuca	giant panda	141	ailuropoda_melanoleuca/Ailuropoda_melanoleuca.ASM200744v2	ASM200744v2	2	9646	NA		
8175	sparus	aurata	gilthead seabream	142	sparus_aurata/Sparus_aurata.fSpaAur1.1	fSpaAur1.1	2	8175	NA		
9925	capra	hircus	Goat	143	capra_hircus/Capra_hircus.ARS1	ARS1	2	9925	NA		
223781	aquila	chrysaetos chrysaetos	golden eagle	144	aquila_chrysaetos_chrysaetos/Aquila_chrysaetos_chrysaetos.bAquChr1.2	bAquChr1.2	2	223781	NA		
10036	mesocricetus	auratus	Golden Hamster	145	mesocricetus_auratus/Mesocricetus_auratus.MesAur1.0	MesAur1.0	2	10036	NA	mesaur|golden hamster|mesocricetus auratus|mauratus|10036|maur	
9089	chrysolophus	pictus	golden pheasant	146	chrysolophus_pictus/Chrysolophus_pictus.Chrysolophus_pictus_GenomeV1.0	Chrysolophus_pictus_GenomeV1.0	2	9089	NA		
61622	rhinopithecus	roxellana	Golden snub-nosed monkey	147	rhinopithecus_roxellana/Rhinopithecus_roxellana.Rrox_v1	Rrox_v1	2	61622	NA		
328815	manacus	vitellinus	golden-collared manakin	148	manacus_vitellinus/Manacus_vitellinus.ASM171598v2	ASM171598v2	2	328815	NA		
75366	sinocyclocheilus	grahami	golden-line barbel	149	sinocyclocheilus_grahami/Sinocyclocheilus_grahami.SAMN03320097.WGS_v1.1	SAMN03320097.WGS_v1.1	2	75366	NA		
7957	carassius	auratus	goldfish	150	carassius_auratus/Carassius_auratus.ASM336829v1	ASM336829v1	2	7957	NA		
1825980	gopherus	evgoodei	Goodes thornscrub tortoise	151	gopherus_evgoodei/Gopherus_evgoodei.rGopEvg1_v1.p	rGopEvg1_v1.p	2	1825980	NA		
44316	erythrura	gouldiae	Gouldian finch	152	erythrura_gouldiae/Erythrura_gouldiae.GouldianFinch	GouldianFinch	2	44316	NA		
30608	microcebus	murinus	gray mouse lemur	153	microcebus_murinus/Microcebus_murinus.Mmur_3.0	Mmur_3.0	2	30608	NA	mmurinus|gray mouse lemur|grey mouse lemur|mouse_lemur|mouse lemur|mmur|30608|microcebus murinus|micmur	
13616	monodelphis	domestica	gray short-tailed opossum	154	monodelphis_domestica/Monodelphis_domestica.ASM229v1	ASM229v1	2	13616	NA	13616|mdomestica|opossum|broado5|mondom|mdom|monodelphis domestica|gray short-tailed opossum	
8823	apteryx	haastii	Great spotted kiwi	155	apteryx_haastii/Apteryx_haastii.aptHaa1	aptHaa1	2	8823	NA		
9157	parus	major	Great Tit	156	parus_major/Parus_major.Parus_major1.1	Parus_major1.1	2	9157	NA		
41447	seriola	dumerili	greater amberjack	157	seriola_dumerili/Seriola_dumerili.Sdu_1.0	Sdu_1.0	2	41447	NA		
1328070	prolemur	simus	greater bamboo lemur	158	prolemur_simus/Prolemur_simus.Prosim_1.0	Prosim_1.0	2	1328070	NA		
59479	rhinolophus	ferrumequinum	greater horseshoe bat	159	rhinolophus_ferrumequinum/Rhinolophus_ferrumequinum.mRhiFer1_v1.p	mRhiFer1_v1.p	2	59479	NA		
28377	anolis	carolinensis	green anole	160	anolis_carolinensis/Anolis_carolinensis.AnoCar2.0v2	AnoCar2.0v2	2	28377	NA		
8081	poecilia	reticulata	guppy	161	poecilia_reticulata/Poecilia_reticulata.Guppy_female_1.0_MT	Guppy_female_1.0_MT	2	8081	NA		
299467	leptotrombidium	deliense	Harvest mite	162	leptotrombidium_deliense/Leptotrombidium_deliense.LdelU1	LdelU1	24	299467	NA		
8996	numida	meleagris	helmeted guineafowl	163	numida_meleagris/Numida_meleagris.NumMel1.0	NumMel1.0	2	8996	NA		
39758	mayetiola	destructor	Hessian fly	164	mayetiola_destructor/Mayetiola_destructor.Mdes_1.0	Mdes_1.0	24	39758	NA		
9358	choloepus	hoffmanni	Hoffmann's two-fingered sloth	165	choloepus_hoffmanni/Choloepus_hoffmanni.choHof1	choHof1	2	9358	NA	choloepus hoffmanni|hoffmann's two-fingered sloth|sloth|choloepushoffmanni|choffmanni|chohof|chof|choloepus|two-toed sloth|9358	
7460	apis	mellifera	Honey bee	166	apis_mellifera/Apis_mellifera.Amel_HAv3.1	Amel_HAv3.1	24	7460	NA		
307959	sinocyclocheilus	rhinocerous	horned golden-line barbel	167	sinocyclocheilus_rhinocerous/Sinocyclocheilus_rhinocerous.SAMN03320098_v1.1	SAMN03320098_v1.1	2	307959	NA		
9796	equus	caballus	horse	168	equus_caballus/Equus_caballus.EquCab3.0	EquCab3.0	2	9796	NA	ecab|equus caballus|horse|9796|equuscaballus|ecaballus|equcab	
7370	musca	domestica	House fly	169	musca_domestica/Musca_domestica.MdomA1	MdomA1	24	7370	NA		
62062	hucho	hucho	huchen	170	hucho_hucho/Hucho_hucho.ASM331708v1	ASM331708v1	2	62062	NA		
121224	pediculus	humanus	Human body louse	171	pediculus_humanus/Pediculus_humanus.PhumU2	PhumU2	24	121224	NA		
35670	naja	naja	Indian cobra	172	naja_naja/Naja_naja.Nana_v5	Nana_v5	2	35670	NA		
210632	parambassis	ranga	Indian glassy fish	173	parambassis_ranga/Parambassis_ranga.fParRan2.2	fParRan2.2	2	210632	NA		
30732	oryzias	melastigma	Indian medaka	174	oryzias_melastigma/Oryzias_melastigma.Om_v0.7.RACA	Om_v0.7.RACA	2	30732	NA		
9049	pavo	cristatus	Indian peafowl	175	pavo_cristatus/Pavo_cristatus.AIIM_Pcri_1.0	AIIM_Pcri_1.0	2	9049	NA		
7764	eptatretus	burgeri	Inshore hagfish	176	eptatretus_burgeri/Eptatretus_burgeri.Eburgeri_3.2	Eburgeri_3.2	2	7764	NA	hagfish	
52283	sarcoptes	scabiei	Itch mite	177	sarcoptes_scabiei/Sarcoptes_scabiei.ASM1459567v1	ASM1459567v1	24	52283	NA		
8090	oryzias	latipes	Japanese medaka HdrR	178	oryzias_latipes/Oryzias_latipes.ASM223467v1	ASM223467v1	2	8090	NA	medaka|oryzias latipes|olat|olatipes|orylat|japanese medaka|8090	
93934	coturnix	japonica	Japanese quail	179	coturnix_japonica/Coturnix_japonica.Coturnix_japonica_2.0	Coturnix_japonica_2.0	2	93934	NA		
123683	oryzias	javanicus	javanese ricefish	180	oryzias_javanicus/Oryzias_javanicus.OJAV_1.1	OJAV_1.1	2	123683	NA		
7425	nasonia	vitripennis	Jewel wasp	181	nasonia_vitripennis/Nasonia_vitripennis.Nvit_psr_1.1	Nvit_psr_1.1	24	7425	NA		
181472	salarias	fasciatus	jewelled blenny	182	salarias_fasciatus/Salarias_fasciatus.fSalaFa1.1	fSalaFa1.1	2	181472	NA		
2489341	strigops	habroptila	Kakapo	183	strigops_habroptila/Strigops_habroptila.bStrHab1_v1.p	bStrHab1_v1.p	2	2489341	NA		
13249	rhodnius	prolixus	Kissing bug	184	rhodnius_prolixus/Rhodnius_prolixus.RproC3	RproC3	24	13249	NA		
38626	phascolarctos	cinereus	koala	185	phascolarctos_cinereus/Phascolarctos_cinereus.phaCin_unsw_v4.1	phaCin_unsw_v4.1	2	38626	NA		
61221	varanus	komodoensis	Komodo dragon	186	varanus_komodoensis/Varanus_komodoensis.ASM479886v1	ASM479886v1	2	61221	NA		
132908	pteropus	vampyrus	large flying fox	187	pteropus_vampyrus/Pteropus_vampyrus.pteVam1	pteVam1	2	132908	NA	pteropus vampyrus|pvam|pteropusvampyrus|large flying fox|megabat|ptevam|132908|pvampyrus	
215358	larimichthys	crocea	large yellow croaker	188	larimichthys_crocea/Larimichthys_crocea.L_crocea_2.0	L_crocea_2.0	2	215358	NA		
12957	atta	cephalotes	Leaf-cutter ant	189	atta_cephalotes/Atta_cephalotes.Attacep1.0	Attacep1.0	24	12957	NA		
445787	leptobrachium	leishanense	Leishan spiny toad	190	leptobrachium_leishanense/Leptobrachium_leishanense.ASM966780v1	ASM966780v1	2	445787	NA		
9691	panthera	pardus	leopard	191	panthera_pardus/Panthera_pardus.PanPar1.0	PanPar1.0	2	9691	NA	leopard	
51337	jaculus	jaculus	Lesser Egyptian jerboa	192	jaculus_jaculus/Jaculus_jaculus.JacJac1.0	JacJac1.0	2	51337	NA	lesser egyptian jerboa|51337|jjac|jacjac|jjaculus|jaculus jaculus	
9689	panthera	leo	lion	193	panthera_leo/Panthera_leo.PanLeo1.0	PanLeo1.0	2	9689	NA		
59463	myotis	lucifugus	little brown bat	194	myotis_lucifugus/Myotis_lucifugus.Myoluc2.0	Myoluc2.0	2	59463	NA	myotis lucifugus|mluc|little_brown_bat|myoluc|microbat|little brown bat|mlucifugus|59463	
8824	apteryx	owenii	little spotted kiwi	195	apteryx_owenii/Apteryx_owenii.aptOwe1	aptOwe1	2	8824	NA		
173247	echeneis	naucrates	live sharksucker	196	echeneis_naucrates/Echeneis_naucrates.fEcheNa1.1	fEcheNa1.1	2	173247	NA		
34839	chinchilla	lanigera	Long-tailed chinchilla	197	chinchilla_lanigera/Chinchilla_lanigera.ChiLan1.0	ChiLan1.0	2	34839	NA	chinchilla lanigera|34839|clanigera|chilan|clan|long-tailed chinchilla	
8103	cyclopterus	lumpus	lumpfish	198	cyclopterus_lumpus/Cyclopterus_lumpus.fCycLum1.pri	fCycLum1.pri	2	8103	NA		
32507	neolamprologus	brichardi	lyretail cichlid	199	neolamprologus_brichardi/Neolamprologus_brichardi.NeoBri1.0	NeoBri1.0	2	32507	NA		
37293	aotus	nancymaae	Ma's night monkey	200	aotus_nancymaae/Aotus_nancymaae.Anan_2.0	Anan_2.0	2	37293	NA		
9544	macaca	mulatta	Macaque	201	macaca_mulatta/Macaca_mulatta.Mmul_10	Mmul_10	2	9544	NA		
8663	notechis	scutatus	mainland tiger snake	202	notechis_scutatus/Notechis_scutatus.TS10Xv2-PRI	TS10Xv2-PRI	2	8663	NA		
303518	pundamilia	nyererei	Makobe Island cichlid	203	pundamilia_nyererei/Pundamilia_nyererei.PunNye1.0	PunNye1.0	2	303518	NA		
9974	Manis	javanica	Malayan pangolin	204	manis_javanica/manis_javanica_GCF_014570535.1_YNU_ManJav_2.0	YNU_ManJav_2.0	37	9974	NA	MANJA	Use RefSeq assembly
139649	teleopsis	dalmanni	Malaysian stalk-eyed fly	205	teleopsis_dalmanni/Teleopsis_dalmanni.ASM223713v2	ASM223713v2	24	139649	NA		
8839	anas	platyrhynchos	mallard	206	anas_platyrhynchos/Anas_platyrhynchos.ASM874695v1	ASM874695v1	2	8839	NA		
37003	kryptolebias	marmoratus	mangrove rivulus	207	kryptolebias_marmoratus/Kryptolebias_marmoratus.ASM164957v1	ASM164957v1	2	37003	NA		
48883	geospiza	fortis	medium ground-finch	208	geospiza_fortis/Geospiza_fortis.GeoFor_1.0	GeoFor_1.0	2	48883	NA		
37032	suricata	suricatta	meerkat	209	suricata_suricatta/Suricata_suricatta.meerkat_22Aug2017_6uvM2_HiC	meerkat_22Aug2017_6uvM2_HiC	2	37032	NA		
7994	astyanax	mexicanus	Mexican tetra	210	astyanax_mexicanus/Astyanax_mexicanus.Astyanax_mexicanus-2.0	Astyanax_mexicanus-2.0	2	7994	NA	amex|amexicanus|cave fish|astyanax mexicanus|7994|astmex	
61819	amphilophus	citrinellus	Midas cichlid	211	amphilophus_citrinellus/Amphilophus_citrinellus.Midas_v5	Midas_v5	2	61819	NA		
278856	danaus	plexippus	Monarch butterfly	212	danaus_plexippus/Danaus_plexippus.Dplex_v4	Dplex_v4	24	278856	NA		
10047	meriones	unguiculatus	Mongolian gerbil	213	meriones_unguiculatus/Meriones_unguiculatus.MunDraft-v1.0	MunDraft-v1.0	2	10047	NA		
32473	xiphophorus	couchianus	Monterrey platyfish	214	xiphophorus_couchianus/Xiphophorus_couchianus.Xiphophorus_couchianus-4.0.1	Xiphophorus_couchianus-4.0.1	2	32473	NA		
69004	anopheles	farauti	Mosquito	215	anopheles_farauti/Anopheles_farauti.AfarF2	AfarF2	24	69004	NA		
34691	anopheles	quadriannulatus	Mosquito	216	anopheles_quadriannulatus/Anopheles_quadriannulatus.AquaS1	AquaS1	24	34691	NA		
43041	anopheles	christyi	Mosquito	217	anopheles_christyi/Anopheles_christyi.AchrA1	AchrA1	24	43041	NA		
7168	anopheles	dirus	Mosquito	218	anopheles_dirus/Anopheles_dirus.AdirW1	AdirW1	24	7168	NA		
112268	anopheles	minimus	Mosquito	219	anopheles_minimus/Anopheles_minimus.AminM1	AminM1	24	112268	NA		
34690	anopheles	melas	Mosquito	220	anopheles_melas/Anopheles_melas.AmelC2	AmelC2	24	34690	NA		
7167	anopheles	albimanus	Mosquito	221	anopheles_albimanus/Anopheles_albimanus.AalbS2	AalbS2	24	7167	NA		
30066	anopheles	merus	Mosquito	222	anopheles_merus/Anopheles_merus.AmerM2	AmerM2	24	30066	NA		
139723	anopheles	culicifacies	Mosquito	223	anopheles_culicifacies/Anopheles_culicifacies.AculA1	AculA1	24	139723	NA		
74869	anopheles	maculatus	Mosquito	224	anopheles_maculatus/Anopheles_maculatus.AmacM1	AmacM1	24	74869	NA		
199890	anopheles	epiroticus	Mosquito	225	anopheles_epiroticus/Anopheles_epiroticus.AepiE1	AepiE1	24	199890	NA		
7173	anopheles	arabiensis	Mosquito	226	anopheles_arabiensis/Anopheles_arabiensis.AaraD1	AaraD1	24	7173	NA		
74873	anopheles	sinensis	Mosquito	227	anopheles_sinensis/Anopheles_sinensis.AsinS2	AsinS2	24	74873	NA		
1518534	anopheles	coluzzii	Mosquito	228	anopheles_coluzzii/Anopheles_coluzzii.AcolM1	AcolM1	24	1518534	NA		
8078	fundulus	heteroclitus	mummichog	229	fundulus_heteroclitus/Fundulus_heteroclitus.Fundulus_heteroclitus-3.0.2	Fundulus_heteroclitus-3.0.2	2	8078	NA		
1240228	cairina	moschata domestica	muscovy Duck (domestic type)	230	cairina_moschata_domestica/Cairina_moschata_domestica.CaiMos1.0	CaiMos1.0	2	1240228	NA		
669202	thelohanellus	kitauei	Myxozoan endoparasite	231	thelohanellus_kitauei/Thelohanellus_kitauei.ASM82789v1	ASM82789v1	24	669202	NA		
10181	heterocephalus	glaber	naked mole-rat	232	heterocephalus_glaber/Heterocephalus_glaber.Naked_mole-rat_maternal	Naked_mole-rat_maternal	2	10181	NA		
40151	monodon	monoceros	narwhal	233	monodon_monoceros/Monodon_monoceros.NGI_Narwhal_1	NGI_Narwhal_1	2	40151	NA		
281687	caenorhabditis	japonica	Nematode	234	caenorhabditis_japonica/Caenorhabditis_japonica.C_japonica-7.0.1	C_japonica-7.0.1	24	281687	NA		
6238	caenorhabditis	briggsae	Nematode	235	caenorhabditis_briggsae/Caenorhabditis_briggsae.CB4	CB4	24	6238	NA		
31234	caenorhabditis	remanei	Nematode	236	caenorhabditis_remanei/Caenorhabditis_remanei.C_remanei-15.0.1	C_remanei-15.0.1	24	31234	NA		
54126	pristionchus	pacificus	Nematode	237	pristionchus_pacificus/Pristionchus_pacificus.El_Paco_fix	El_Paco_fix	24	54126	NA		
70415	trichuris	muris	Nematode	238	trichuris_muris/Trichuris_muris.TMUE3.0	TMUE3.0	24	70415	NA		
6282	onchocerca	volvulus	Nematode	239	onchocerca_volvulus/Onchocerca_volvulus.ASM49940v2	ASM49940v2	24	6282	NA		
135651	caenorhabditis	brenneri	Nematode	240	caenorhabditis_brenneri/Caenorhabditis_brenneri.C_brenneri-6.0.1b	C_brenneri-6.0.1b	24	135651	NA		
6279	brugia	malayi	Nematode	241	brugia_malayi/Brugia_malayi.Bmal-4.0	Bmal-4.0	24	6279	NA		
136037	zootermopsis	nevadensis	Nevada dampwood termite	242	zootermopsis_nevadensis/Zootermopsis_nevadensis.ZooNev1.0	ZooNev1.0	24	136037	NA		
1196302	corvus	moneduloides	New Caledonian crow	243	corvus_moneduloides/Corvus_moneduloides.bCorMon1.pri	bCorMon1.pri	2	1196302	NA		
51031	necator	americanus	New World hookworm	244	necator_americanus/Necator_americanus.N_americanus_v1	N_americanus_v1	24	51031	NA		
8128	oreochromis	niloticus	Nile tilapia	245	oreochromis_niloticus/Oreochromis_niloticus.O_niloticus_UMD_NMBU	O_niloticus_UMD_NMBU	2	8128	NA		
9361	dasypus	novemcinctus	nine-banded armadillo	246	dasypus_novemcinctus/Dasypus_novemcinctus.Dasnov3.0	Dasnov3.0	2	9361	NA	dasnov|nine-banded armadillo|dasypus novemcinctus|arma|dnov|9361|dnovemcinctus|dasypus novemcinctu|armadillo	
230844	peromyscus	maniculatus bairdii	Northern American deer mouse	247	peromyscus_maniculatus_bairdii/Peromyscus_maniculatus_bairdii.HU_Pman_2.1	HU_Pman_2.1	2	230844	NA	peromyscus maniculatus bairdii|230844|pmaniculatus_bairdii|pman|northern american deer mouse|perman	
8010	esox	lucius	northern pike	248	esox_lucius/Esox_lucius.fEsoLuc1.pri	fEsoLuc1.pri	2	8010	NA		
311401	strix	occidentalis caurina	northern spotted owl	249	strix_occidentalis_caurina/Strix_occidentalis_caurina.Soccid_v01	Soccid_v01	2	311401	NA		
37347	tupaia	belangeri	northern tree shrew	250	tupaia_belangeri/Tupaia_belangeri.TREESHREW	TREESHREW	2	37347	NA	tupaia belangeri|tbelangeri|tree shrew|37347|tbel|tupbel|northern tree shrew|tree_shrew	
61853	nomascus	leucogenys	Northern white-cheeked gibbon	251	nomascus_leucogenys/Nomascus_leucogenys.Nleu_3.0	Nleu_3.0	2	61853	NA	gibbon|nleu|northern white-cheeked gibbon|nomleu|nleucogenys|nomascus leucogenys|61853	
10116	rattus	norvegicus	Norway rat	252	rattus_norvegicus/Rattus_norvegicus.mRatBN7.2	mRatBN7.2	2	10116	NA	rat|rattus norvegicus	
94237	mola	mola	ocean sunfish	253	mola_mola/Mola_mola.ASM169857v1	ASM169857v1	2	94237	NA		
308060	apteryx	rowi	Okarito brown kiwi	254	apteryx_rowi/Apteryx_rowi.aptRow1	aptRow1	2	308060	NA		
9555	papio	anubis	olive baboon	255	papio_anubis/Papio_anubis.Panubis1.0	Panubis1.0	2	9555	NA	kenya baboon|doguera baboon|olive baboon|papio anubis	
161767	amphiprion	percula	orange clownfish	256	amphiprion_percula/Amphiprion_percula.Nemo_v1	Nemo_v1	2	161767	NA		
375764	sphaeramia	orbicularis	orbiculate cardinalfish	257	sphaeramia_orbicularis/Sphaeramia_orbicularis.fSphaOr1.1	fSphaOr1.1	2	375764	NA		
10020	dipodomys	ordii	Ord's kangaroo rat	258	dipodomys_ordii/Dipodomys_ordii.Dord_2.0	Dord_2.0	2	10020	NA	dipord|10020|dipodomysordii|ord's kangaroo rat|kangaroo rat|kangaroo_rat|dordii|dipodomys ordii|dord|ords kangaroo rat	
257818	otus	sunia	Oriental scops-owl	259	otus_sunia/Otus_sunia.OtuSun1.0	OtuSun1.0	2	257818	NA		
225164	lottia	gigantea	Owl limpet	260	lottia_gigantea/Lottia_gigantea.Lotgi1	Lotgi1	24	225164	NA		
29159	crassostrea	gigas	Pacific oyster	261	crassostrea_gigas/Crassostrea_gigas.cgigas_uk_roslin_v1	cgigas_uk_roslin_v1	24	29159	NA		
2715852	cebus	imitator	Panamanian white-faced capuchin	262	cebus_imitator/Cebus_imitator.Cebus_imitator-1.0	Cebus_imitator-1.0	2	2715852	NA	cebus_capucinus	
442651	hofstenia	miamia	Panther worm	263	hofstenia_miamia/Hofstenia_miamia.HmiaM1	HmiaM1	24	442651	NA		
1676925	paramormyrops	kingsleyae	Paramormyrops kingsleyae	264	paramormyrops_kingsleyae/Paramormyrops_kingsleyae.PKINGS_0.1	PKINGS_0.1	2	1676925	NA		
409849	periophthalmus	magnuspinnatus	Periophthalmus magnuspinnatus	265	periophthalmus_magnuspinnatus/Periophthalmus_magnuspinnatus.PM.fa	PM.fa	2	409849	NA		
1868482	carlito	syrichta	Philippine tarsier	266	carlito_syrichta/Carlito_syrichta.Tarsius_syrichta-2.0.1	Tarsius_syrichta-2.0.1	2	1868482	NA	tarsier|csyrichta|tsyr|carlito syrichta|tarsiussyrichta|carlito|csyr|9478|philippine tarsier|tarsyr|tarsius_syrichta|carlitosyrichta|tsyrichta|carsyr|tarsius syrichta	
9823	sus	scrofa	pig	267	sus_scrofa/Sus_scrofa.Sscrofa11.1	Sscrofa11.1	2	9823	NA	swine|sscrofa|9823|wild boar|sus scrofa|pig|pigs|sscr	
6253	ascaris	suum	Pig roundworm	268	ascaris_suum/Ascaris_suum.ASM18702v3	ASM18702v3	24	6253	NA		
9545	macaca	nemestrina	Pig-tailed macaque	269	macaca_nemestrina/Macaca_nemestrina.Mnem_1.0	Mnem_1.0	2	9545	NA		
283035	sander	lucioperca	pike-perch	270	sander_lucioperca/Sander_lucioperca.SLUC_FBN_1	SLUC_FBN_1	2	283035	NA		
586833	myripristis	murdjan	pinecone soldierfish	271	myripristis_murdjan/Myripristis_murdjan.fMyrMur1.1	fMyrMur1.1	2	586833	NA		
132585	anser	brachyrhynchus	pink-footed goose	272	anser_brachyrhynchus/Anser_brachyrhynchus.ASM259213v1	ASM259213v1	2	132585	NA		
10228	trichoplax	adhaerens	Placozoa	273	trichoplax_adhaerens/Trichoplax_adhaerens.ASM15027v1	ASM15027v1	24	10228	NA		
9258	ornithorhynchus	anatinus	platypus	274	ornithorhynchus_anatinus/Ornithorhynchus_anatinus.mOrnAna1.p.v1	mOrnAna1.p.v1	2	9258	NA		
29073	ursus	maritimus	Polar bear	275	ursus_maritimus/Ursus_maritimus.UrsMar_1.0	UrsMar_1.0	2	29073	NA		
6334	trichinella	spiralis	Pork worm	276	trichinella_spiralis/Trichinella_spiralis.Tspiralis1	Tspiralis1	24	6334	NA		
34740	heliconius	melpomene	Postman butterfly	277	heliconius_melpomene/Heliconius_melpomene.Hmel1	Hmel1	24	34740	NA		
7668	strongylocentrotus	purpuratus	Purple sea urchin	278	strongylocentrotus_purpuratus/Strongylocentrotus_purpuratus.Spur_5.0	Spur_5.0	24	7668	NA		
9986	oryctolagus	cuniculus	rabbit	279	oryctolagus_cuniculus/Oryctolagus_cuniculus.OryCun2.0	OryCun2.0	2	9986	NA	orycun|rabbit|ocuniculus|oryctolagus cuniculus|9986|ocun	
8022	oncorhynchus	mykiss	rainbow trout	280	oncorhynchus_mykiss/Oncorhynchus_mykiss.USDA_OmykA_1.1	USDA_OmykA_1.1	2	8022	NA		
13686	solenopsis	invicta	Red fire ant	281	solenopsis_invicta/Solenopsis_invicta.UNIL_Sinv_3.0	UNIL_Sinv_3.0	24	13686	NA		
7070	tribolium	castaneum	Red flour beetle	282	tribolium_castaneum/Tribolium_castaneum.Tcas5.2	Tcas5.2	24	7070	NA		
9627	vulpes	vulpes	red fox	283	vulpes_vulpes/Vulpes_vulpes.VulVul2.2	VulVul2.2	2	9627	NA	silver fox|fox	
1965070	dinothrombium	tinctorium	Red velvet mite	284	dinothrombium_tinctorium/Dinothrombium_tinctorium.DtinU1	DtinU1	24	1965070	NA		
42514	pygocentrus	nattereri	red-bellied piranha	285	pygocentrus_nattereri/Pygocentrus_nattereri.fPygNat1.pri	fPygNat1.pri	2	42514	NA		
27687	erpetoichthys	calabaricus	reedfish	286	erpetoichthys_calabaricus/Erpetoichthys_calabaricus.fErpCal1.1	fErpCal1.1	2	27687	NA		
9054	phasianus	colchicus	Ring-necked pheasant	287	phasianus_colchicus/Phasianus_colchicus.ASM414374v1	ASM414374v1	2	9054	NA		
85433	hymenolepis	microstoma	Rodent tapeworm	288	hymenolepis_microstoma/Hymenolepis_microstoma.HMN_v3	HMN_v3	24	85433	NA		
104782	adineta	vaga	Rotifer	289	adineta_vaga/Adineta_vaga.AMS_PRJEB1171_v1	AMS_PRJEB1171_v1	24	104782	NA		
47308	neogobius	melanostomus	round goby	290	neogobius_melanostomus/Neogobius_melanostomus.RGoby_Basel_V2	RGoby_Basel_V2	2	47308	NA		
198806	calidris	pugnax	ruff	291	calidris_pugnax/Calidris_pugnax.ASM143184v1	ASM143184v1	2	198806	NA		
181631	stachyris	ruficeps	rufous-capped babbler	292	stachyris_ruficeps/Stachyris_ruficeps.ASM869450v1	ASM869450v1	2	181631	NA		
10089	mus	caroli	Ryukyu mouse	293	mus_caroli/Mus_caroli.CAROLI_EIJ_v1.1	CAROLI_EIJ_v1.1	2	10089	NA	mcaroli|mus caroli|mcar|ryukyu mouse|10089|muscar	
48699	poecilia	latipinna	sailfin molly	294	poecilia_latipinna/Poecilia_latipinna.P_latipinna-1.0	P_latipinna-1.0	2	48699	NA		
7200	lutzomyia	longipalpis	Sand fly	295	lutzomyia_longipalpis/Lutzomyia_longipalpis.LlonJ1	LlonJ1	24	7200	NA		
29031	phlebotomus	papatasi	Sand fly	296	phlebotomus_papatasi/Phlebotomus_papatasi.PpapI1	PpapI1	24	29031	NA		
7757	petromyzon	marinus	sea lamprey	297	petromyzon_marinus/Petromyzon_marinus.Pmarinus_7.0	Pmarinus_7.0	2	7757	NA	pmarinus|petromyzon marinus|lamprey|sea lamprey|pmar|7757|petmar	
7719	ciona	intestinalis	Sea squirt Ciona intestinalis	298	ciona_intestinalis/Ciona_intestinalis.KH	KH	2	7719	NA	c.intestinalis|7719|cioint|sea squirt ciona intestinalis|ciona intestinalis|cint|cintestinalis|ciona	
51511	ciona	savignyi	Sea squirt Ciona savignyi	299	ciona_savignyi/Ciona_savignyi.CSAV2.0	CSAV2.0	2	51511	NA	sea squirt ciona savignyi|51511|ciona savignyi|csavignyi|csav|ciosav|c.savignyi	
9940	ovis	aries	sheep	300	ovis_aries/Ovis_aries.ARS-UI_Ramb_v2.0	ARS-UI_Ramb_v2.0	2	9940	NA		
28743	cyprinodon	variegatus	sheepshead minnow	301	cyprinodon_variegatus/Cyprinodon_variegatus.C_variegatus-1.0	C_variegatus-1.0	2	28743	NA		
48701	poecilia	mexicana	shortfin molly	302	poecilia_mexicana/Poecilia_mexicana.P_mexicana-1.0	P_mexicana-1.0	2	48701	NA		
10093	mus	pahari	Shrew mouse	303	mus_pahari/Mus_pahari.PAHARI_EIJ_v1.1	PAHARI_EIJ_v1.1	2	10093	NA	mpah|10093|muspah|mpahari|shrew mouse|mus pahari	
158456	betta	splendens	Siamese fighting fish	304	betta_splendens/Betta_splendens.fBetSpl5.2	fBetSpl5.2	2	158456	NA		
68415	moschus	moschiferus	Siberian musk deer	305	moschus_moschiferus/Moschus_moschiferus.MosMos_v2_BIUU_UCD	MosMos_v2_BIUU_UCD	2	68415	NA		
1220523	zosterops	lateralis melanops	silver-eye	306	zosterops_lateralis_melanops/Zosterops_lateralis_melanops.ASM128173v1	ASM128173v1	2	1220523	NA		
9371	echinops	telfairi	small Madagascar hedgehog	307	echinops_telfairi/Echinops_telfairi.TENREC	TENREC	2	9371	NA	tenrec|lesser_hedgehog|small madagascar hedgehog|etel|echtel|echinops telfairi|madagascar_hedgehog|lesser hedgehog tenrec|etelfairi|9371	
87175	camarhynchus	parvulus	small tree finch	308	camarhynchus_parvulus/Camarhynchus_parvulus.Camarhynchus_parvulus_V1.1	Camarhynchus_parvulus_V1.1	2	87175	NA		
30611	otolemur	garnettii	small-eared galago	309	otolemur_garnettii/Otolemur_garnettii.OtoGar3	OtoGar3	2	30611	NA	small-eared galago|30611|otolemur garnettii|ogarnettii|ogar|otogar|bushbaby|galago	
126957	strigamia	maritima	Soil centipede	310	strigamia_maritima/Strigamia_maritima.Smar1	Smar1	24	126957	NA		
9531	cercocebus	atys	Sooty mangabey	311	cercocebus_atys/Cercocebus_atys.Caty_1.0	Caty_1.0	2	9531	NA		
7176	culex	quinquefasciatus	Southern house mosquito	312	culex_quinquefasciatus/Culex_quinquefasciatus.CpipJ2	CpipJ2	24	7176	NA		
8083	xiphophorus	maculatus	southern platyfish	313	xiphophorus_maculatus/Xiphophorus_maculatus.X_maculatus-5.0-male	X_maculatus-5.0-male	2	8083	NA	xipmac|xiphophorus maculatus|8083|southern platyfish|xmaculatus|platyfish|xmac	
9755	physeter	catodon	sperm whale	314	physeter_catodon/Physeter_catodon.ASM283717v2	ASM283717v2	2	9755	NA		
80966	acanthochromis	polyacanthus	spiny chromis	315	acanthochromis_polyacanthus/Acanthochromis_polyacanthus.ASM210954v1	ASM210954v1	2	80966	NA		
425635	calidris	pygmaea	Spoon-billed sandpiper	316	calidris_pygmaea/Calidris_pygmaea.ASM369795v1	ASM369795v1	2	425635	NA		
7918	lepisosteus	oculatus	Spotted gar	317	lepisosteus_oculatus/Lepisosteus_oculatus.LepOcu1	LepOcu1	2	7918	NA	lepisosteus oculatus|spotted gar|lepocu|loculatus|locu|7918	
99883	tetraodon	nigroviridis	spotted green pufferfish	318	tetraodon_nigroviridis/Tetraodon_nigroviridis.TETRAODON8	TETRAODON8	2	99883	NA	tetraodon nigroviridis|tnigroviridis|fresh water pufferfish|spotted green pufferfish|tetnig|tnig|tetraodon|99883	
48709	orchesella	cincta	Springtail	319	orchesella_cincta/Orchesella_cincta.ASM171814v1	ASM171814v1	24	48709	NA		
158441	folsomia	candida	Springtail	320	folsomia_candida/Folsomia_candida.ASM221717v1	ASM221717v1	24	158441	NA		
35570	stomoxys	calcitrans	Stable fly	321	stomoxys_calcitrans/Stomoxys_calcitrans.ScalU1	ScalU1	24	35570	NA		
45351	nematostella	vectensis	Starlet sea anemone	322	nematostella_vectensis/Nematostella_vectensis.ASM20922v1	ASM20922v1	24	45351	NA		
10103	mus	spicilegus	steppe mouse	323	mus_spicilegus/Mus_spicilegus.MUSP714	MUSP714	2	10103	NA		
9601	pongo	abelii	Sumatran orangutan	324	pongo_abelii/Pongo_abelii.Susie_PABv2	Susie_PABv2	2	9601	NA	pongo abelii|sumatran orangutan|bornean orangutan|orangutan	
2593467	malurus cyaneus	samueli	superb fairywren	325	malurus_cyaneus_samueli/Malurus_cyaneus_samueli.mCya_1.0	mCya_1.0	2	2593467	NA		
91951	catharus	ustulatus	Swainson's thrush	326	catharus_ustulatus/Catharus_ustulatus.bCatUst1.pri	bCatUst1.pri	2	91951	NA		
43700	monopterus	albus	swamp eel	327	monopterus_albus/Monopterus_albus.M_albus_1.0	M_albus_1.0	2	43700	NA		
8845	anser	cygnoides	swan goose	328	anser_cygnoides/Anser_cygnoides.GooseV1.0	GooseV1.0	2	8845	NA		
9315	notamacropus	eugenii	tammar wallaby	329	notamacropus_eugenii/Notamacropus_eugenii.Meug_1.0	Meug_1.0	2	9315	NA	meug|macropuseugenii|notamacropus eugenii|maceug|tammar wallaby|macropus_eugenii|macropus eugenii|notamacropuseugenii|neugenii|wallaby|neug|notamacropus|9315|noteug|meugenii|macropus	
9305	sarcophilus	harrisii	Tasmanian devil	330	sarcophilus_harrisii/Sarcophilus_harrisii.mSarHar1.11	mSarHar1.11	2	9305	NA		
43179	ictidomys	tridecemlineatus	thirteen-lined ground squirrel	331	ictidomys_tridecemlineatus/Ictidomys_tridecemlineatus.SpeTri2.0	SpeTri2.0	2	43179	NA	thirteen-lined ground squirrel|spermophilus_tridecemlineatus|stri|ictidomys tridecemlineatus|stridecemlineatus|spetri|squirrel|43179	
34506	strongyloides	ratti	Threadworm	332	strongyloides_ratti/Strongyloides_ratti.S_ratti_ED321_v5_0_4	S_ratti_ED321_v5_0_4	24	34506	NA		
481459	gasterosteus	aculeatus	three-spined stickleback	333	gasterosteus_aculeatus/Gasterosteus_aculeatus.GAculeatus_UGA_version5	GAculeatus_UGA_version5	2	481459	NA		
2587831	terrapene carolina	triunguis	Three-toed box turtle	334	terrapene_carolina_triunguis/Terrapene_carolina_triunguis.T_m_triunguis-2.0	T_m_triunguis-2.0	2	2587831	NA		
74533	panthera	tigris altaica	Tiger	335	panthera_tigris_altaica/Panthera_tigris_altaica.PanTig1.0	PanTig1.0	2	74533	NA	tiger	
109280	hippocampus	comes	tiger tail seahorse	336	hippocampus_comes/Hippocampus_comes.H_comes_QL1_v1	H_comes_QL1_v1	2	109280	NA		
244447	cynoglossus	semilaevis	tongue sole	337	cynoglossus_semilaevis/Cynoglossus_semilaevis.Cse_v1.0	Cse_v1.0	2	244447	NA		
8364	xenopus	tropicalis	tropical clawed frog	338	xenopus_tropicalis/Xenopus_tropicalis.UCB_Xtro_10.0	UCB_Xtro_10.0	2	8364	NA		
37546	glossina	morsitans	Tsetse fly	339	glossina_morsitans/Glossina_morsitans.GmorY1	GmorY1	24	37546	NA		
7396	glossina	fuscipes	Tsetse fly	340	glossina_fuscipes/Glossina_fuscipes.Yale_Gfus_2	Yale_Gfus_2	24	7396	NA		
37001	glossina	brevipalpis	Tsetse fly	341	glossina_brevipalpis/Glossina_brevipalpis.GbreI1	GbreI1	24	37001	NA		
67801	glossina	palpalis	Tsetse fly	342	glossina_palpalis/Glossina_palpalis.GpapI1	GpapI1	24	67801	NA		
7395	glossina	austeni	Tsetse fly	343	glossina_austeni/Glossina_austeni.GausT1	GausT1	24	7395	NA		
7398	glossina	pallidipes	Tsetse fly	344	glossina_pallidipes/Glossina_pallidipes.GpalI1	GpalI1	24	7398	NA		
8508	sphenodon	punctatus	tuatara	345	sphenodon_punctatus/Sphenodon_punctatus.ASM311381v1	ASM311381v1	2	8508	NA		
52904	scophthalmus	maximus	turbot	346	scophthalmus_maximus/Scophthalmus_maximus.ASM1334776v1	ASM1334776v1	2	52904	NA		
9103	meleagris	gallopavo	turkey	347	meleagris_gallopavo/Meleagris_gallopavo.Turkey_5.1	Turkey_5.1	2	9103	NA		
105023	nothobranchius	furzeri	turquoise killifish	348	nothobranchius_furzeri/Nothobranchius_furzeri.Nfu_20140520	Nfu_20140520	2	105023	NA		
32264	tetranychus	urticae	Two-spotted spider mite	349	tetranychus_urticae/Tetranychus_urticae.ASM23943v1	ASM23943v1	24	32264	NA		
591936	piliocolobus	tephrosceles	Ugandan red Colobus	350	piliocolobus_tephrosceles/Piliocolobus_tephrosceles.ASM277652v2	ASM277652v2	2	591936	NA		
1026970	nannospalax	galili	Upper Galilee mountains blind mole rat	351	nannospalax_galili/Nannospalax_galili.S.galili_v1.0	S.galili_v1.0	2	1026970	NA	ngalili|1026970|nangal|upper galilee mountains blind mole rat|nannospalax galili|ngal	
42100	phocoena	sinus	vaquita	352	phocoena_sinus/Phocoena_sinus.mPhoSin1.pri	mPhoSin1.pri	2	42100	NA		
79684	microtus	ochrogaster	vole	353	microtus_ochrogaster/Microtus_ochrogaster.MicOch1.0	MicOch1.0	2	79684	NA	microtus ochrogaster|micoch|prairie vole|vole|mochrogaster|pvole|m_ochrogaster|moch|79684	
27923	mnemiopsis	leidyi	Warty comb jelly	354	mnemiopsis_leidyi/Mnemiopsis_leidyi.MneLei_Aug2011	MneLei_Aug2011	24	27923	NA		
367368	pelusios	castaneus	West African mud turtle	355	pelusios_castaneus/Pelusios_castaneus.Pelusios_castaneus-1.0	Pelusios_castaneus-1.0	2	367368	NA		
9365	erinaceus	europaeus	western European hedgehog	356	erinaceus_europaeus/Erinaceus_europaeus.HEDGEHOG	HEDGEHOG	2	9365	NA	eeur|western_european_hedgehog|erieur|eeuropaeus|9365|western european hedgehog|hedgehog|erinaceus europaeus	
9595	gorilla	gorilla	Western Lowland Gorilla	357	gorilla_gorilla/Gorilla_gorilla.gorGor4	gorGor4	2	9595	NA	gorilla|gorgor|gorilla_gorilla_gorilla|ggor|9595|gorilla gorilla|9593|western gorilla|gorilla gorilla gorilla|ggorilla	
33528	gambusia	affinis	western mosquitofish	358	gambusia_affinis/Gambusia_affinis.ASM309773v1	ASM309773v1	2	33528	NA		
8478	chrysemys	picta bellii	Western painted turtle	359	chrysemys_picta_bellii/Chrysemys_picta_bellii.Chrysemys_picta_bellii-3.0.3	Chrysemys_picta_bellii-3.0.3	2	8478	NA		
44394	zonotrichia	albicollis	white-throated sparrow	360	zonotrichia_albicollis/Zonotrichia_albicollis.Zonotrichia_albicollis-1.0.1	Zonotrichia_albicollis-1.0.1	2	44394	NA		
9483	callithrix	jacchus	white-tufted-ear marmoset	361	callithrix_jacchus/Callithrix_jacchus.mCalJac1.pat.X	mCalJac1.pat.X	2	9483	NA	white-tufted-ear marmoset|marmoset|callithrix jacchus	
72004	bos	mutus	wild yak	362	bos_mutus/Bos_mutus.BosGru_v2.0	BosGru_v2.0	2	72004	NA		
84702	cervus	hanglu yarkandensis	Yarkand deer	363	cervus_hanglu_yarkandensis/Cervus_hanglu_yarkandensis.CEY_v1	CEY_v1	2	84702	NA		
241587	amazona	collaria	yellow-billed parrot	364	amazona_collaria/Amazona_collaria.ASM394721v1	ASM394721v1	2	241587	NA		
1841481	seriola	lalandi dorsalis	yellowtail amberjack	365	seriola_lalandi_dorsalis/Seriola_lalandi_dorsalis.Sedor1	Sedor1	2	1841481	NA		
59729	taeniopygia	guttata	zebra finch	366	taeniopygia_guttata/Taeniopygia_guttata.bTaeGut1_v1.p	bTaeGut1_v1.p	2	59729	NA		
106582	maylandia	zebra	zebra mbuna	367	maylandia_zebra/Maylandia_zebra.M_zebra_UMD2a	M_zebra_UMD2a	2	106582	NA		
205130	mastacembelus	armatus	zig-zag eel	368	mastacembelus_armatus/Mastacembelus_armatus.fMasArm1.2	fMasArm1.2	2	205130	NA		
